Autauga	 AL	58,805	594.44	Montgomery, AL Metropolitan Statistical Area
Baldwin	 AL	231,767	1589.78	Daphne-Fairhope-Foley, AL Metropolitan Statistical Area
Barbour	 AL	25,223	884.88	Eufaula, AL-GA Micropolitan Statistical Area
Bibb	 AL	22,293	622.58	Birmingham-Hoover, AL Metropolitan Statistical Area
Blount	 AL	59,134	644.78	Birmingham-Hoover, AL Metropolitan Statistical Area
Bullock	 AL	10,357	622.80	
Butler	 AL	19,051	776.83	
Calhoun	 AL	116,441	605.87	Anniston-Oxford-Jacksonville, AL Metropolitan Statistical Area
Chambers	 AL	34,772	596.53	LaGrange, GA-AL Micropolitan Statistical Area
Cherokee	 AL	24,971	553.70	
Chilton	 AL	45,014	692.85	Birmingham-Hoover, AL Metropolitan Statistical Area
Choctaw	 AL	12,665	913.50	
Clarke	 AL	23,087	1238.46	
Clay	 AL	14,236	603.96	
Cleburne	 AL	15,056	560.10	
Coffee	 AL	53,465	678.97	Enterprise, AL Micropolitan Statistical Area
Colbert	 AL	57,227	592.62	Florence-Muscle Shoals, AL Metropolitan Statistical Area
Conecuh	 AL	11,597	850.16	
Coosa	 AL	10,387	650.93	Alexander City, AL Micropolitan Statistical Area
Covington	 AL	37,570	1030.46	
Crenshaw	 AL	13,194	608.84	
Cullman	 AL	87,866	734.84	Cullman, AL Micropolitan Statistical Area
Dale	 AL	49,326	561.15	Ozark, AL Micropolitan Statistical Area
Dallas	 AL	38,462	978.69	Selma, AL Micropolitan Statistical Area
DeKalb	 AL	71,608	777.09	Fort Payne, AL Micropolitan Statistical Area
Elmore	 AL	87,977	618.48	Montgomery, AL Metropolitan Statistical Area
Escambia	 AL	36,757	945.08	
Etowah	 AL	103,436	534.99	Gadsden, AL Metropolitan Statistical Area
Fayette	 AL	16,321	627.66	
Franklin	 AL	32,113	633.82	
Geneva	 AL	26,659	574.41	Dothan, AL Metropolitan Statistical Area
Greene	 AL	7,720	647.11	Tuscaloosa, AL Metropolitan Statistical Area
Hale	 AL	14,785	643.94	Tuscaloosa, AL Metropolitan Statistical Area
Henry	 AL	17,146	561.75	Dothan, AL Metropolitan Statistical Area
Houston	 AL	107,202	579.82	Dothan, AL Metropolitan Statistical Area
Jackson	 AL	52,579	1077.87	Scottsboro, AL Micropolitan Statistical Area
Jefferson	 AL	674,721	1111.28	Birmingham-Hoover, AL Metropolitan Statistical Area
Lamar	 AL	13,972	604.85	
Lauderdale	 AL	93,564	667.70	Florence-Muscle Shoals, AL Metropolitan Statistical Area
Lawrence	 AL	33,073	690.68	Decatur, AL Metropolitan Statistical Area
Lee	 AL	174,241	607.54	Auburn-Opelika, AL Metropolitan Statistical Area
Limestone	 AL	103,570	559.94	Huntsville, AL Metropolitan Statistical Area
Lowndes	 AL	10,311	715.91	Montgomery, AL Metropolitan Statistical Area
Macon	 AL	19,532	608.89	
Madison	 AL	388,153	801.59	Huntsville, AL Metropolitan Statistical Area
Marengo	 AL	19,323	976.88	
Marion	 AL	29,341	742.29	
Marshall	 AL	97,612	565.84	Albertville, AL Micropolitan Statistical Area
Mobile	 AL	414,809	1229.44	Mobile, AL Metropolitan Statistical Area
Monroe	 AL	19,772	1025.67	
Montgomery	 AL	228,954	784.25	Montgomery, AL Metropolitan Statistical Area
Morgan	 AL	123,421	579.34	Decatur, AL Metropolitan Statistical Area
Perry	 AL	8,511	719.66	
Pickens	 AL	19,123	881.41	Tuscaloosa, AL Metropolitan Statistical Area
Pike	 AL	33,009	672.09	Troy, AL Micropolitan Statistical Area
Randolph	 AL	21,967	580.55	
Russell	 AL	59,183	641.14	Columbus, GA-AL Metropolitan Statistical Area
Shelby	 AL	223,024	784.93	Birmingham-Hoover, AL Metropolitan Statistical Area
St. Clair	 AL	91,103	631.90	Birmingham-Hoover, AL Metropolitan Statistical Area
Sumter	 AL	12,345	903.89	
Talladega	 AL	82,149	736.78	Talladega-Sylacauga, AL Micropolitan Statistical Area
Tallapoosa	 AL	41,311	716.52	Alexander City, AL Micropolitan Statistical Area
Tuscaloosa	 AL	227,036	1321.75	Tuscaloosa, AL Metropolitan Statistical Area
Walker	 AL	65,342	791.19	Jasper, AL Micropolitan Statistical Area
Washington	 AL	15,388	1080.21	Mobile, AL Metropolitan Statistical Area
Wilcox	 AL	10,600	888.50	
Winston	 AL	23,540	612.98	
